Action Log (Action list),,,,,,,,,,,,,,,
,,,,,,,,,,,,,,,
Module,Sub module,,Module,Action,X-CURRENT-PATH,X-CURRENT-MENU,X-CURRENT-SUB-MENU,X-CURRENT-PAYLOAD,METHOD,Endpoint,,ชื่อเมนูที่ใช้งาน,หัวข้อย่อย,การเข้าถึง,เลขที่เอกสาร
ข่าวสาร,,,,,,,,,,,,,,,
งาน,ประเมินหลักทรัพย์,,,,,,,,,,,,,,
,ติดตามทวงถาม,,,,,,,,,,,,,,
แดชบอร์ด,,,,,,,,,,,,,,,
รายงาน,,,,,,,,,,,,,,,
สัญญา,,,,,,,,,,,,,,,
ลูกค้า,,,Module,Action,X-CURRENT-PATH,X-CURRENT-MENU,X-CURRENT-SUB-MENU,X-CURRENT-PAYLOAD,METHOD,Endpoint,,ชื่อเมนูที่ใช้งาน,หัวข้อย่อย,การเข้าถึง,เลขที่เอกสาร
หลักทรัพย์,,,ข่าวสาร,ดู,api/v1/management/announcement,ANNOUNCEMENT,,,GET,api/v1/management/announcement,,ข่าวสาร,,ดู,
,,,,ดูรายละเอียด,api/v1/management/announcement/:id,ANNOUNCEMENT,,,GET,api/v1/management/announcement/:id,,ข่าวสาร,,ดูรายละเอียด,
,,,,สร้าง,api/v1/management/announcement,ANNOUNCEMENT,,,POST,api/v1/management/announcement,,ข่าวสาร,,สร้าง,
,,,,แก้ไข,api/v1/management/announcement/:id,ANNOUNCEMENT,,,PUT,api/v1/management/announcement/:id,,ข่าวสาร,,แก้ไข,
,,,,ลบ,api/v1/management/announcement/:id,ANNOUNCEMENT,,,DELETE,api/v1/management/announcement/:id,,ข่าวสาร,,ลบ,
,ใบเสร็จรับเงิน,,,,,,,,,,,,,,
,บันทึกค่าใช้จ่าย,,Module,Action,X-CURRENT-PATH,X-CURRENT-MENU,X-CURRENT-SUBMENU ?,X-CURRENT-PAYLOAD ?,METHOD,Endpoint,,ชื่อเมนูที่ใช้งาน,หัวข้อย่อย,การเข้าถึง,เลขที่เอกสาร
การจัดเก็บ,รายการเอกสารหลักทรัพย์,,งาน,ดู,api/v1/management/work/assets-appraisal/new,WORK,ประเมินหลักทรัพย์ > งานใหม่,,GET,api/v1/management/work/assets-appraisal/new,,งาน,ประเมินหลักทรัพย์ > งานใหม่,ดู,
,ย้ายเอกสาร,,,ดู,api/v1/management/work/assets-appraisal/complete,WORK,ประเมินหลักทรัพย์ > งานที่เสร็จแล้ว,,GET,api/v1/management/work/assets-appraisal/complete,,งาน,ประเมินหลักทรัพย์ > งานที่เสร็จแล้ว,ดู,
บันทึกการเข้าถึงระบบ,,,,ดู,api/v1/management/work/debt-collection?status=PENDING,WORK,ติดตามทวงถาม > งานใหม่,,GET,api/v1/management/work/debt-collection?status=PENDING,,งาน,ติดตามทวงถาม > งานใหม่,ดู,
ตั้งค่า,,,,ดู,api/v1/management/work/debt-collection?status=COMPLETED,WORK,ติดตามทวงถาม > งานที่เสร็จแล้ว,,GET,api/v1/management/work/debt-collection?status=COMPLETED,,งาน,ติดตามทวงถาม > งานที่เสร็จแล้ว,ดู,
,,,,,,,,,,,,,,,
,,,Module,Action,X-CURRENT-PATH,X-CURRENT-MENU,X-CURRENT-SUB-MENU,X-CURRENT-PAYLOAD,METHOD,Endpoint,,ชื่อเมนูที่ใช้งาน,หัวข้อย่อย,การเข้าถึง,เลขที่เอกสาร
,,,แดชบอร์ด,ดู,api/v1/management/dashboard/card?branchId=kgjbZ2QC1bf13XoLslsNyWoO07p0RWHB,DASHBOARD,,,GET,api/v1/management/dashboard/card?branchId=kgjbZ2QC1bf13XoLslsNyWoO07p0RWHB,,แดชบอร์ด,,ดู,
,,,,ดู,api/v1/management/dashboard/chart-market?branchId=kgjbZ2QC1bf13XoLslsNyWoO07p0RWHB,DASHBOARD,,,GET,api/v1/management/dashboard/chart-market?branchId=kgjbZ2QC1bf13XoLslsNyWoO07p0RWHB,,,,,
,,,,ดู,api/v1/management/dashboard/chart-loan?branchId=kgjbZ2QC1bf13XoLslsNyWoO07p0RWHB,DASHBOARD,,,GET,api/v1/management/dashboard/chart-loan?branchId=kgjbZ2QC1bf13XoLslsNyWoO07p0RWHB,,,,,
,,,,,,,,,,,,,,,
,,,Module,Action,X-CURRENT-PATH,X-CURRENT-MENU,X-CURRENT-SUB-MENU,X-CURRENT-PAYLOAD,METHOD,Endpoint,,ชื่อเมนูที่ใช้งาน,หัวข้อย่อย,การเข้าถึง,เลขที่เอกสาร
,,,สัญญา,ดู,api/v1/management/pre-contract,CONTRACT,ประเมินหลักทรัพย์,,GET,api/v1/management/pre-contract,,สัญญา,,ดู,
,,,,ดูรายละเอียด,api/v1/management/pre-contract/27,CONTRACT,ประเมินหลักทรัพย์,,GET,api/v1/management/pre-contract/27,,สัญญา,,ดู,
,,,,แก้ไข,api/v1/management/pre-contract/27,CONTRACT,ประเมินหลักทรัพย์ > ร่าง,status=DRAFT,PUT,api/v1/management/pre-contract/27,,สัญญา,,ดู,
,,,,แก้ไข,api/v1/management/pre-contract/27,CONTRACT,ประเมินหลักทรัพย์ > สั่งประเมิน,status=PENDING_EVALUATION,PUT,api/v1/management/pre-contract/27,,สัญญา,,ดู,
,,,,แก้ไข,api/v1/management/pre-contract/pre-asset/30,CONTRACT,ประเมินหลักทรัพย์ > แก้ไขรายละเอียดสินทรัพย์,,PATCH,api/v1/management/pre-contract/pre-asset/30,,สัญญา,,ดู,
,,,,แก้ไข,/api/v1/management/pre-contract/request-appraisal/27,CONTRACT,ประเมินหลักทรัพย์ > ขอราคาประเมิน,,PATCH,/api/v1/management/pre-contract/request-appraisal/27,,สัญญา,,ดู,
,,,,แก้ไข,api/v1/management/pre-contract/appraisal-price/27,CONTRACT,ประเมินหลักทรัพย์ > ประเมินราคาหลักทรัพย์,,PATCH,api/v1/management/pre-contract/appraisal-price/27,,สัญญา,,ดู,
,,,,แก้ไข,api/v1/management/pre-contract/request-reappraisal/27,CONTRACT,ประเมินหลักทรัพย์ > ขอราคาประเมินใหม่,,PATCH,api/v1/management/pre-contract/request-reappraisal/27,,สัญญา,,ดู,
,,,,แก้ไข,api/v1/management/pre-contract/confirm-appraisal/27,CONTRACT,ประเมินหลักทรัพย์ > ยืนยันราคาประเมิน,,PATCH,api/v1/management/pre-contract/confirm-appraisal/27,,สัญญา,,ดู,
,,,,แก้ไข,api/v1/management/pre-contract/confirm-mortgage/27,CONTRACT,ประเมินหลักทรัพย์ > ยื่นจำนอง,,PUT,api/v1/management/pre-contract/confirm-mortgage/27,,สัญญา,,ดู,
,,,,แก้ไข,api/v1/management/pre-contract/make-contract/27,CONTRACT,ประเมินหลักทรัพย์ > ทำสัญญา,,POST,api/v1/management/pre-contract/make-contract/27,,สัญญา,,ดู,
,,,,ดู,api/v1/management/contract,CONTRACT,สัญญา,,GET,api/v1/management/contract,,สัญญา,,ดู,
,,,,ดูรายละเอียด,api/v1/management/contract/27,CONTRACT,สัญญา,,GET,api/v1/management/contract/27,,สัญญา,,ดู,
,,,,ดู,api/v1/management/contract/23/assets,CONTRACT,สัญญา > หลักทรัพย์,,GET,api/v1/management/contract/23/assets,,สัญญา,,ดู,
,,,,ดู,api/v1/management/contract/23/installments?page=1&limit=10&sortOrder=desc,CONTRACT,สัญญา > ตารางการชำระ,,GET,api/v1/management/contract/23/installments?page=1&limit=10&sortOrder=desc,,สัญญา,,ดู,
,,,,ดู,,CONTRACT,สัญญา > แก้ไขการชำระ,,,,,สัญญา,,ดู,
,,,,แก้ไข,api/v1/management/invoice/204,CONTRACT,สัญญา > ออกใบแจ้งหนี้,,POST,api/v1/management/invoice/204,,สัญญา,,ดู,
,,,,แก้ไข,api/v1/management/contract/collection-fee/204,CONTRACT,สัญญา > แก้ไขค่าติดตาม,,PATCH,api/v1/management/contract/collection-fee/204,,สัญญา,,ดู,
,,,,แก้ไข,api/v1/management/contract/legal-fee/204,CONTRACT,สัญญา > เพิ่มค่าทนาย,,PATCH,api/v1/management/contract/legal-fee/204,,สัญญา,,ดู,
,,,,ดู,api/v1/management/contract-expense/paginate/14,CONTRACT,สัญญา > ค่าใช้จ่าย,,GET,api/v1/management/contract-expense/paginate/14?search=&page=1&limit=10&sortOrder=desc,,สัญญา,,ดู,
,,,,สร้าง,api/v1/management/contract-expense/23,CONTRACT,สัญญา > ค่าใช้จ่าย,,POST,api/v1/management/contract-expense/23,,สัญญา,,ดู,
,,,,ดูรายละเอียด,api/v1/management/contract-expense/8,CONTRACT,สัญญา > ค่าใช้จ่าย,,GET,api/v1/management/contract-expense/8,,สัญญา,,ดู,
,,,,แก้ไข,api/v1/management/contract-expense/8,CONTRACT,สัญญา > ค่าใช้จ่าย,,PUT,api/v1/management/contract-expense/8,,สัญญา,,ดู,
,,,,ลบ,api/v1/management/contract-expense/8,CONTRACT,สัญญา > ค่าใช้จ่าย,,DELETE,api/v1/management/contract-expense/8,,สัญญา,,ดู,
,,,,สร้าง,api/v1/management/contract-income/23,CONTRACT,สัญญา > รายได้,,POST,api/v1/management/contract-income/23,,สัญญา,,ดู,
,,,,ดูรายละเอียด,api/v1/management/contract-income/5,CONTRACT,สัญญา > รายได้,,GET,api/v1/management/contract-income/5,,สัญญา,,ดู,
,,,,แก้ไข,api/v1/management/contract-income/5,CONTRACT,สัญญา > รายได้,,PUT,api/v1/management/contract-income/5,,สัญญา,,ดู,
,,,,ลบ,api/v1/management/contract-income/5,CONTRACT,สัญญา > รายได้,,DELETE,api/v1/management/contract-income/5,,สัญญา,,ดู,
,,,,ดู,api/v1/management/contract-contact-history/paginate/23,CONTRACT,สัญญา > ประวัติการติดต่อ,,GET,api/v1/management/contract-contact-history/paginate/23,,สัญญา,,ดู,
,,,,สร้าง,api/v1/management/contract-contact-history/23,CONTRACT,สัญญา > ประวัติการติดต่อ,,POST,api/v1/management/contract-contact-history/23,,สัญญา,,ดู,
,,,,ดู,api/v1/management/contract-document/paginate/23,CONTRACT,สัญญา >  รายการเอกสาร,,GET,api/v1/management/contract-document/paginate/23,,สัญญา,,ดู,
,,,,สร้าง,api/v1/management/contract-document/23,CONTRACT,สัญญา >  รายการเอกสาร,,POST,api/v1/management/contract-document/23,,สัญญา,,ดู,
,,,,ลบ,api/v1/management/contract/cancelled/4,CONTRACT,สัญญา >  ยกเลิก,,DELETE,api/v1/management/contract/cancelled/4,,สัญญา,,ดู,
,,,,,,,,,,,,,,,
,,,Module,Action,X-CURRENT-PATH,X-CURRENT-MENU,X-CURRENT-SUB-MENU,X-CURRENT-PAYLOAD,METHOD,Endpoint,,ชื่อเมนูที่ใช้งาน,หัวข้อย่อย,การเข้าถึง,เลขที่เอกสาร
,,,ลูกค้า,ดู,api/v1/management/customer,CUSTOMER,,,GET,api/v1/management/customer,,ลูกค้า,,ดู,
,,,,สร้าง,api/v1/management/customer,CUSTOMER,,,POST,api/v1/management/customer/:id,,ลูกค้า,,ดู,
,,,,แก้ไข,api/v1/management/customer/:id,CUSTOMER,,,PUT,api/v1/management/customer/:id,,ลูกค้า,,ดู,
,,,,ลบ,api/v1/management/customer/:id,CUSTOMER,,,DELETE,api/v1/management/customer/:id,,ลูกค้า,,ดู,
,,,,ดูรายละเอียด,api/v1/management/customer/:id,CUSTOMER,,,GET,api/v1/management/customer/:id,,ลูกค้า,,ดู,
,,,,ดู,api/v1/management/customer-document?page=1&limit=10&sortOrder=desc&customerId=9,CUSTOMER,เอกสารส่วนตัว,,GET,api/v1/management/customer-document?page=1&limit=10&sortOrder=desc&customerId=9,,ลูกค้า,,ดู,
,,,,สร้าง,api/v1/management/customer-document,CUSTOMER,เอกสารส่วนตัว,,POST,api/v1/management/customer-document,,ลูกค้า,,ดู,
,,,,แก้ไข,api/v1/management/customer-document/:id,CUSTOMER,เอกสารส่วนตัว,,PUT,api/v1/management/customer-document/:id,,ลูกค้า,,ดู,
,,,,ลบ,api/v1/management/customer-document/:id,CUSTOMER,เอกสารส่วนตัว,,DELETE,api/v1/management/customer-document/:id,,ลูกค้า,,ดู,
,,,,ดู,api/v1/management/customer/9/contracts,CUSTOMER,สัญญา,,GET,api/v1/management/customer/9/contracts,,ลูกค้า,,ดู,
,,,,ดู,api/v1/management/customer/9/receipts,CUSTOMER,ประวัติการชำระเงิน,,GET,api/v1/management/customer/9/receipts,,ลูกค้า,,ดู,
,,,,ดู,api/v1/management/customer/9/contact-histories,CUSTOMER,ประวัติการติดต่อ,,GET,api/v1/management/customer/9/contact-histories,,ลูกค้า,,ดู,
,,,,ดู,api/v1/management/customer/9/assets,CUSTOMER,หลักทรัพย์,,GET,api/v1/management/customer/9/assets,,ลูกค้า,,ดู,
,,,,,,,,,,,,,,,
,,,Module,Action,X-CURRENT-PATH,X-CURRENT-MENU,X-CURRENT-SUB-MENU,X-CURRENT-PAYLOAD,METHOD,Endpoint,,ชื่อเมนูที่ใช้งาน,หัวข้อย่อย,การเข้าถึง,เลขที่เอกสาร
,,,หลักทรัพย์,ดู,api/v1/management/contract-assets,CONTRACT-ASSETS,,,GET,api/v1/management/contract-assets,,หลักทรัพย์,,ดู,
,,,,ดู,api/v1/management/contract-assets/document-movement/14,CONTRACT-ASSETS,ประวัติการจัดเก็บเอกสาร,,GET,api/v1/management/contract-assets/document-movement/14,,หลักทรัพย์,,ดู,
,,,,แก้ไข,api/v1/management/contract-assets/status/2,CONTRACT-ASSETS,แก้ไขสถานะหลักทรัพย์,,PATCH,api/v1/management/contract-assets/status/2,,หลักทรัพย์,,ดู,
,,,,แก้ไข,/api/v1/management/contract-assets/2/sell,CONTRACT-ASSETS,ขายต่อ/ประมูล,,PATCH,/api/v1/management/contract-assets/2/sell,,หลักทรัพย์,,ดู,
,,,,,,,,,,,,,,,
,,,Module,Action,X-CURRENT-PATH,X-CURRENT-MENU,X-CURRENT-SUB-MENU,X-CURRENT-PAYLOAD,METHOD,Endpoint,,ชื่อเมนูที่ใช้งาน,หัวข้อย่อย,การเข้าถึง,เลขที่เอกสาร
,,,เอกสารและการเงิน,ดู,api/v1/management/invoice,DOCUMENT-FINANCE,ใบแจ้งหนี้,,GET,api/v1/management/contract-assets,,เอกสารและการเงิน,,ดู,
,,,,ดูรายละเอียด,api/v1/management/invoice/1,DOCUMENT-FINANCE,ใบแจ้งหนี้,,GET,api/v1/management/invoice/1,,เอกสารและการเงิน,,ดู,
,,,,ดู,api/v1/management/receipt,DOCUMENT-FINANCE,ใบเสร็จรับเงิน,,GET,api/v1/management/receipt,,เอกสารและการเงิน,,ดู,
,,,,สร้าง,api/v1/management/receipt,DOCUMENT-FINANCE,ใบเสร็จรับเงิน > ชำระเงิน/ออกใบเสร็จใหม่,,POST,api/v1/management/receipt,,เอกสารและการเงิน,,ดู,
,,,,ดูรายละเอียด,api/v1/management/receipt/:id,DOCUMENT-FINANCE,ใบเสร็จรับเงิน,,GET,api/v1/management/receipt/:id,,เอกสารและการเงิน,,ดู,
,,,,ดู,api/v1/management/record-expense,DOCUMENT-FINANCE,บันทึกค่าใช้จ่าย,,GET,api/v1/management/record-expense,,เอกสารและการเงิน,,ดู,
,,,,สร้าง,api/v1/management/record-expense,DOCUMENT-FINANCE,บันทึกค่าใช้จ่าย > เพิ่มบันทึกค่าใช้จ่ายใหม่,,POST,api/v1/management/record-expense,,เอกสารและการเงิน,,ดู,
,,,,ดูรายละเอียด,api/v1/management/record-expense/16,DOCUMENT-FINANCE,บันทึกค่าใช้จ่าย,,GET,api/v1/management/record-expense/16,,เอกสารและการเงิน,,ดู,
,,,,แก้ไข,api/v1/management/record-expense/16,DOCUMENT-FINANCE,บันทึกค่าใช้จ่าย,,PUT,api/v1/management/record-expense/16,,เอกสารและการเงิน,,ดู,
,,,,ลบ,api/v1/management/record-expense/16,DOCUMENT-FINANCE,บันทึกค่าใช้จ่าย,,DELETE,api/v1/management/record-expense/16,,เอกสารและการเงิน,,ดู,
,,,,,,,,,,,,,,,
,,,Module,Action,X-CURRENT-PATH,X-CURRENT-MENU,X-CURRENT-SUB-MENU,X-CURRENT-PAYLOAD,METHOD,Endpoint,,ชื่อเมนูที่ใช้งาน,หัวข้อย่อย,การเข้าถึง,เลขที่เอกสาร
,,,การจัดเก็บ,ดู,api/v1/management/document-storages/assets,DOCUMENT-STORAGE,รายการเอกสารหลักทรัพย์,,GET,api/v1/management/document-storages/assets,,การจัดเก็บ,,ดู,
,,,,ดู,api/v1/management/document-storages/movement,DOCUMENT-STORAGE,ย้ายเอกสาร,,GET,api/v1/management/document-storages/movement,,การจัดเก็บ,,ดู,
,,,,สร้าง,api/v1/management/document-storages/movement,DOCUMENT-STORAGE,ย้ายเอกสาร > สร้างการย้ายเอกสารใหม่,,POST,api/v1/management/document-storages/movement,,การจัดเก็บ,,ดู,
,,,,ดูรายละเอียด,api/v1/management/document-storages/movement/14,DOCUMENT-STORAGE,ย้ายเอกสาร > รับเอกสาร,,PUT,api/v1/management/document-storages/movement/14,,การจัดเก็บ,,ดู,
,,,,แก้ไข,api/v1/management/document-storages/movement/14,DOCUMENT-STORAGE,ย้ายเอกสาร > ยกเลิกเอกสาร,,DELETE,api/v1/management/document-storages/movement/14,,การจัดเก็บ,,ดู,